{
    "RC": "#40a4df",
    "RE1": ":cloud_rain:",
    "RE2": "https://i.imgur.com/ygwdKOd.png",
    "RD": "It will rain today!",

    "SNC": "#fffafa",
    "SNE1": ":cloud_snow:",
    "SNE2": "https://i.imgur.com/X6ywbAG.png",
    "SND": "*Snowball fight!*",

    "TC": "#A99923",
    "TE1": ":thunder_cloud_rain:",
    "TE2": "https://i.imgur.com/YszPLNG.png",
    "TD": "There's no storm without a thunder",

    "WC": "#a2a4a5",
    "WE1": ":leaves:",
    "WE2": "https://i.imgur.com/r2lj8SP.png",
    "WD": "It's going to be windy",

    "CC": "#aaafc4",
    "CE1": ":cloud:",
    "CE2": "https://i.imgur.com/xMa3sce.png",
    "CD": "The gods are smoking",

    "SC": "#f7ca02",
    "SE1": ":partly_sunny: ",
    "SE2": "https://i.imgur.com/vd2ZG3g.png",
    "SD": "Praise the sun!"
}